{"data_time": 0.006985900006839074, "eta_seconds": 8770.580663998844, "fast_rcnn/cls_accuracy": 0.599609375, "fast_rcnn/false_negative": 0.9033989266547406, "fast_rcnn/fg_cls_accuracy": 0.027799227799227798, "iteration": 19, "loss_box_reg": 0.3489542305469513, "loss_cls": 1.0036636590957642, "loss_rpn_cls": 0.029326917603611946, "loss_rpn_loc": 0.0041525764390826225, "lr": 3.8962e-05, "rank_data_time": 0.006985900006839074, "roi_head/num_bg_samples": 115.5, "roi_head/num_fg_samples": 12.5, "rpn/num_neg_anchors": 252.0, "rpn/num_pos_anchors": 4.0, "time": 18.272043049997592, "total_loss": 1.4077606070786715}
{"data_time": 0.005331950007530395, "eta_seconds": 8146.441782999755, "fast_rcnn/cls_accuracy": 0.892578125, "fast_rcnn/false_negative": 1.0, "fast_rcnn/fg_cls_accuracy": 0.0, "iteration": 39, "loss_box_reg": 0.4114338457584381, "loss_cls": 0.49755850434303284, "loss_rpn_cls": 0.03843811899423599, "loss_rpn_loc": 0.005147932097315788, "lr": 7.8922e-05, "rank_data_time": 0.005331950007530395, "roi_head/num_bg_samples": 114.25, "roi_head/num_fg_samples": 13.75, "rpn/num_neg_anchors": 253.0, "rpn/num_pos_anchors": 3.0, "time": 16.30683809999755, "total_loss": 1.0088325995020568}
{"data_time": 0.004631149997294415, "eta_seconds": 6358.305932000803, "fast_rcnn/cls_accuracy": 0.873046875, "fast_rcnn/false_negative": 1.0, "fast_rcnn/fg_cls_accuracy": 0.0, "iteration": 59, "loss_box_reg": 0.5081805884838104, "loss_cls": 0.3879866451025009, "loss_rpn_cls": 0.02256802376359701, "loss_rpn_loc": 0.005790618946775794, "lr": 0.00011888199999999999, "rank_data_time": 0.004631149997294415, "roi_head/num_bg_samples": 111.75, "roi_head/num_fg_samples": 16.25, "rpn/num_neg_anchors": 252.0, "rpn/num_pos_anchors": 4.0, "time": 7.777371699994546, "total_loss": 0.9421596465399489}
{"data_time": 0.00422035000519827, "eta_seconds": 3987.6665639990824, "fast_rcnn/cls_accuracy": 0.83984375, "fast_rcnn/false_negative": 1.0, "fast_rcnn/fg_cls_accuracy": 0.0, "iteration": 79, "loss_box_reg": 0.6126526594161987, "loss_cls": 0.32435746490955353, "loss_rpn_cls": 0.006592021323740482, "loss_rpn_loc": 0.004724740516394377, "lr": 0.00015884200000000002, "rank_data_time": 0.00422035000519827, "roi_head/num_bg_samples": 107.5, "roi_head/num_fg_samples": 20.5, "rpn/num_neg_anchors": 252.0, "rpn/num_pos_anchors": 4.0, "time": 3.41003174999787, "total_loss": 0.9506474201625679}
{"data_time": 0.004861399989749771, "eta_seconds": 3767.35385999782, "fast_rcnn/cls_accuracy": 0.884765625, "fast_rcnn/false_negative": 0.8724798387096775, "fast_rcnn/fg_cls_accuracy": 0.12752016129032256, "iteration": 99, "loss_box_reg": 0.5498660206794739, "loss_cls": 0.24877125769853592, "loss_rpn_cls": 0.003401260473765433, "loss_rpn_loc": 0.003562966827303171, "lr": 0.000198802, "rank_data_time": 0.004861399989749771, "roi_head/num_bg_samples": 108.5, "roi_head/num_fg_samples": 19.5, "rpn/num_neg_anchors": 252.0, "rpn/num_pos_anchors": 4.0, "time": 6.1549288500027615, "total_loss": 0.8258915226906538}
{"data_time": 0.004601250002451707, "eta_seconds": 2475.0132069985557, "fast_rcnn/cls_accuracy": 0.92578125, "fast_rcnn/false_negative": 0.3269817073170732, "fast_rcnn/fg_cls_accuracy": 0.6730182926829269, "iteration": 119, "loss_box_reg": 0.5298022031784058, "loss_cls": 0.22366046160459518, "loss_rpn_cls": 0.008275341242551804, "loss_rpn_loc": 0.005769241135567427, "lr": 0.000238762, "rank_data_time": 0.004601250002451707, "roi_head/num_bg_samples": 107.75, "roi_head/num_fg_samples": 20.25, "rpn/num_neg_anchors": 251.75, "rpn/num_pos_anchors": 4.25, "time": 0.5562224999957834, "total_loss": 0.7624987693270668}
{"data_time": 0.0046284000054583885, "eta_seconds": 2079.388620002428, "fast_rcnn/cls_accuracy": 0.958984375, "fast_rcnn/false_negative": 0.07107023411371238, "fast_rcnn/fg_cls_accuracy": 0.9289297658862876, "iteration": 139, "loss_box_reg": 0.4956233501434326, "loss_cls": 0.1328897848725319, "loss_rpn_cls": 0.001579913659952581, "loss_rpn_loc": 0.0039341982919722795, "lr": 0.000278722, "rank_data_time": 0.0046284000054583885, "roi_head/num_bg_samples": 105.0, "roi_head/num_fg_samples": 23.0, "rpn/num_neg_anchors": 252.5, "rpn/num_pos_anchors": 3.5, "time": 0.5272652999992715, "total_loss": 0.6394866909831762}
{"data_time": 0.004738600007840432, "eta_seconds": 1159.4107949992758, "fast_rcnn/cls_accuracy": 0.96484375, "fast_rcnn/false_negative": 0.07692307692307693, "fast_rcnn/fg_cls_accuracy": 0.9230769230769231, "iteration": 159, "loss_box_reg": 0.3847070187330246, "loss_cls": 0.10319474712014198, "loss_rpn_cls": 0.0014433148899115622, "loss_rpn_loc": 0.004223342286422849, "lr": 0.00031868200000000004, "rank_data_time": 0.004738600007840432, "roi_head/num_bg_samples": 104.75, "roi_head/num_fg_samples": 23.25, "rpn/num_neg_anchors": 252.25, "rpn/num_pos_anchors": 3.75, "time": 0.5049611000067671, "total_loss": 0.4939345874590799}
{"data_time": 0.0048080999913509, "eta_seconds": 823.424591999501, "fast_rcnn/cls_accuracy": 0.9609375, "fast_rcnn/false_negative": 0.024725274725274724, "fast_rcnn/fg_cls_accuracy": 0.9752747252747253, "iteration": 179, "loss_box_reg": 0.3048294484615326, "loss_cls": 0.09863286837935448, "loss_rpn_cls": 0.0006794155342504382, "loss_rpn_loc": 0.004083195002749562, "lr": 0.00035864199999999995, "rank_data_time": 0.0048080999913509, "roi_head/num_bg_samples": 105.5, "roi_head/num_fg_samples": 22.5, "rpn/num_neg_anchors": 251.75, "rpn/num_pos_anchors": 4.25, "time": 0.516401599998062, "total_loss": 0.4169746685947757}
{"data_time": 0.004816100001335144, "eta_seconds": 322.28112000229885, "fast_rcnn/cls_accuracy": 0.970703125, "fast_rcnn/false_negative": 0.07059800664451826, "fast_rcnn/fg_cls_accuracy": 0.9294019933554818, "iteration": 199, "loss_box_reg": 0.3230864703655243, "loss_cls": 0.09165795892477036, "loss_rpn_cls": 0.002211919636465609, "loss_rpn_loc": 0.0036668137181550264, "lr": 0.000398602, "rank_data_time": 0.004816100001335144, "roi_head/num_bg_samples": 106.5, "roi_head/num_fg_samples": 21.5, "rpn/num_neg_anchors": 252.25, "rpn/num_pos_anchors": 3.75, "time": 0.5201532499995665, "total_loss": 0.4402232845459366}
{"data_time": 0.004116550000617281, "eta_seconds": 157.3773180009448, "fast_rcnn/cls_accuracy": 0.978515625, "fast_rcnn/false_negative": 0.05012531328320802, "fast_rcnn/fg_cls_accuracy": 0.949874686716792, "iteration": 219, "loss_box_reg": 0.26093704998493195, "loss_cls": 0.06656915321946144, "loss_rpn_cls": 0.0008462714467896149, "loss_rpn_loc": 0.002799948793835938, "lr": 0.00043856200000000003, "rank_data_time": 0.004116550000617281, "roi_head/num_bg_samples": 106.5, "roi_head/num_fg_samples": 21.5, "rpn/num_neg_anchors": 252.5, "rpn/num_pos_anchors": 3.5, "time": 0.5170795000012731, "total_loss": 0.34256658829690423}
{"data_time": 0.004495049994147848, "eta_seconds": 144.4555709985434, "fast_rcnn/cls_accuracy": 0.98046875, "fast_rcnn/false_negative": 0.0, "fast_rcnn/fg_cls_accuracy": 1.0, "iteration": 239, "loss_box_reg": 0.21668142080307007, "loss_cls": 0.053892334923148155, "loss_rpn_cls": 0.00015910904039628804, "loss_rpn_loc": 0.0021376819349825382, "lr": 0.000478522, "rank_data_time": 0.004495049994147848, "roi_head/num_bg_samples": 105.75, "roi_head/num_fg_samples": 22.25, "rpn/num_neg_anchors": 253.0, "rpn/num_pos_anchors": 3.0, "time": 0.527139800004079, "total_loss": 0.2753277763185906}
{"data_time": 0.0045812499956809916, "eta_seconds": 132.82102799916174, "fast_rcnn/cls_accuracy": 0.98046875, "fast_rcnn/false_negative": 0.01925925925925926, "fast_rcnn/fg_cls_accuracy": 0.9807407407407407, "iteration": 259, "loss_box_reg": 0.291459783911705, "loss_cls": 0.06687900424003601, "loss_rpn_cls": 0.00015017281111795455, "loss_rpn_loc": 0.0028317002579569817, "lr": 0.000518482, "rank_data_time": 0.0045812499956809916, "roi_head/num_bg_samples": 104.25, "roi_head/num_fg_samples": 23.75, "rpn/num_neg_anchors": 251.5, "rpn/num_pos_anchors": 4.5, "time": 0.5066186499971082, "total_loss": 0.354981343961299}
{"data_time": 0.004686150001361966,